{
  "count": 2,
  "dim": 256,
  "items": [
    {
      "embedding": [
        0.06623711436986923,
        -0.061008699238300323,
        0.012559992261230946,
        -0.08408068120479584,
        0.02369942143559456,
        -0.06281159818172455,
        -0.0037302994169294834,
        0.036648254841566086,
        0.03426433354616165,
        -0.04808006435632706,
        0.016617825254797935,
        -0.03533226251602173,
        -0.02133214846253395,
        -0.04952085763216019,
        0.028335586190223694,
        0.0024404400028288364,
        0.051986582577228546,
        0.08035413175821304,
        -0.1780635267496109,
        -0.055972080677747726,
        -0.013153327628970146,
        -0.08106112480163574,
        0.002332883421331644,
        -0.021625246852636337,
        -0.04903517663478851,
        0.019949430599808693,
        -0.028645958751440048,
        0.03277791291475296,
        0.01854167878627777,
        0.13893786072731018,
        0.12846332788467407,
        -0.10666078329086304,
        -0.025332435965538025,
        -0.053124647587537766,
        -0.049886010587215424,
        0.05401008576154709,
        -0.09136704355478287,
        0.028821755200624466,
        0.027461757883429527,
        -0.07726015150547028,
        -0.016382303088903427,
        -0.03633600473403931,
        0.02450394444167614,
        0.005714871920645237,
        0.003440896514803171,
        0.0365431122481823,
        -0.03300686925649643,
        0.03048265539109707,
        0.032924070954322815,
        0.010564585216343403,
        0.003397483378648758,
        0.05528506636619568,
        -0.05048416182398796,
        -0.009438830427825451,
        -0.018665501847863197,
        0.01267886720597744,
        -0.018130306154489517,
        0.11306154727935791,
        0.043063487857580185,
        0.06007128953933716,
        -0.026596764102578163,
        0.12381681054830551,
        0.12155314534902573,
        -0.022574562579393387,
        0.08978516608476639,
        -0.006265984382480383,
        -0.05404045432806015,
        0.08971380442380905,
        0.02232467196881771,
        0.10516401380300522,
        -0.005361320450901985,
        -0.005908124148845673,
        -0.05760980397462845,
        0.000434528395999223,
        -0.0075376322492957115,
        -0.023612290620803833,
        -0.020089123398065567,
        0.11797717958688736,
        0.028080949559807777,
        -0.09824522584676743,
        0.018088141456246376,
        -0.012377815321087837,
        0.019164560362696648,
        -0.0003558342286851257,
        0.0588887520134449,
        -0.07593287527561188,
        -0.06138883903622627,
        0.11082421243190765,
        0.1383432298898697,
        0.11899632215499878,
        -0.002156357280910015,
        -0.11290144920349121,
        -0.003703254507854581,
        -0.00682153832167387,
        0.0018773728515952826,
        0.08334298431873322,
        -0.01431600283831358,
        0.0747075229883194,
        -0.0026220879517495632,
        -0.09252739697694778,
        -0.10749974101781845,
        0.09804388880729675,
        -0.00015289169095922261,
        -0.10840915143489838,
        -0.07265767455101013,
        0.026326265186071396,
        0.0029025606345385313,
        0.05779944732785225,
        -0.06414233148097992,
        -0.005350305698812008,
        -0.08509694039821625,
        -0.05216795951128006,
        -0.0642181932926178,
        0.050885409116744995,
        0.005903455428779125,
        0.06631840765476227,
        0.012061389163136482,
        0.05000229924917221,
        0.012030599638819695,
        -0.0075349099934101105,
        -0.02018391154706478,
        -0.0018765717977657914,
        -0.02665754221379757,
        0.05344274640083313,
        -0.07781115174293518,
        0.036341726779937744,
        -0.02005959115922451,
        -0.005512320436537266,
        -0.0334678590297699,
        -0.0013644762802869081,
        0.1031048446893692,
        0.044609010219573975,
        -0.07026267796754837,
        0.008303712122142315,
        0.04545067623257637,
        -0.046269841492176056,
        0.014311915263533592,
        0.06283698976039886,
        -0.05110236257314682,
        -0.02877221629023552,
        -0.07060779631137848,
        -0.017912212759256363,
        0.042706720530986786,
        -0.07698020339012146,
        0.07486552000045776,
        -0.07498743385076523,
        -0.038924358785152435,
        -0.040233559906482697,
        0.024875525385141373,
        -0.03163199499249458,
        0.027691194787621498,
        0.011946029029786587,
        0.07197502255439758,
        -0.05791105702519417,
        0.16059362888336182,
        -0.056840457022190094,
        0.0866088718175888,
        0.00988137349486351,
        -0.05424277111887932,
        0.017784154042601585,
        -0.06079752370715141,
        -0.00712363887578249,
        0.07119834423065186,
        0.04304547235369682,
        -0.027024293318390846,
        -0.1661345213651657,
        0.05841508507728577,
        0.07091552019119263,
        0.030889591202139854,
        -0.061578668653964996,
        -0.0023274552077054977,
        0.04204467684030533,
        -0.03185131400823593,
        0.022238830104470253,
        0.052703242748975754,
        0.046131499111652374,
        -0.010634309612214565,
        0.048618581146001816,
        -0.022002270445227623,
        0.03051411546766758,
        0.09186629951000214,
        0.08247660845518112,
        -0.06683680415153503,
        -0.015573685057461262,
        0.061762820929288864,
        -0.06371983885765076,
        -0.0051454948261380196,
        0.07566014677286148,
        0.024698320776224136,
        0.02121853269636631,
        -0.0420151986181736,
        0.04480588063597679,
        -0.0209216121584177,
        -0.007821410894393921,
        0.017710458487272263,
        0.051079291850328445,
        0.05885366350412369,
        -0.00013951995060779154,
        -0.03245168551802635,
        -0.11382625997066498,
        0.026559794321656227,
        -0.01393542904406786,
        0.016011115163564682,
        0.048945844173431396,
        0.039663996547460556,
        -0.04771055653691292,
        0.03837206959724426,
        -0.0041379379108548164,
        -0.079252228140831,
        -0.03186429291963577,
        -0.024892814457416534,
        -0.005824211053550243,
        0.04205707088112831,
        0.044586919248104095,
        -0.07033414393663406,
        -0.07217125594615936,
        -0.045604757964611053,
        0.07163972407579422,
        0.04881320148706436,
        0.020313624292612076,
        0.022776778787374496,
        -0.008812540210783482,
        0.037175603210926056,
        0.0731169581413269,
        0.025719672441482544,
        -0.02387256547808647,
        -0.006491991691291332,
        -0.01700822077691555,
        0.1335352659225464,
        -0.05338482931256294,
        -0.06395714730024338,
        -0.049678534269332886,
        0.016278324648737907,
        0.02677513286471367,
        -0.05855114012956619,
        0.011976335197687149,
        0.10353908687829971,
        0.10283730179071426,
        -0.14135895669460297,
        0.003473034594208002,
        0.05045738071203232,
        -0.10369372367858887,
        -0.013242250308394432,
        -0.0782211571931839,
        -0.06425081193447113,
        -0.0303555466234684,
        -0.0562601201236248,
        -0.06627839058637619,
        -0.008480353280901909,
        -0.058710597455501556,
        0.005445227492600679,
        -0.07020049542188644,
        0.005944712553173304,
        0.03618299588561058,
        -0.030205663293600082,
        -0.09470516443252563
      ],
      "id": 0,