{
    "count": 1,
    "dim": 128,
    "items": [
        {
            "embedding": [
                -0.03416330739855766,
                0.1196317970752716,
                -0.005755323451012373,
                -0.07119830697774887,
                0.01427608635276556,
                -0.06461836397647858,
                -0.0353999100625515,
                -0.1505070924758911,
                -0.00741957500576973,
                0.03960634022951126,
                0.11734123528003693,
                -0.18815945088863373,
                -0.07461588829755783,
                0.029922574758529663,
                0.005050877574831247,
                -0.0569252148270607,
                0.02185886725783348,
                0.027211392298340797,
                -0.01166280172765255,
                0.03817511349916458,
                -0.029032066464424133,
                0.062461066991090775,
                -0.03467277064919472,
                -0.05602485314011574,
                -0.037013355642557144,
                -0.036826323717832565,
                -0.0685487613081932,
                0.12596085667610168,
                -0.0015099789015948772,
                -0.06260821968317032,
                -0.054868198931217194,
                -0.1435193121433258,
                0.08737602829933167,
                -0.04497169703245163,
                0.021904034540057182,
                0.06808031350374222,
                0.18624404072761536,
                0.06371127814054489,
                -0.08184237033128738,
                -0.12385229021310806,
                -0.09075835347175598,
                -0.07389717549085617,
                0.00031344752642326057,
                0.004174398258328438,
                0.03652287274599075,
                0.13332432508468628,
                -0.0010906312381848693,
                -0.125411719083786,
                0.04515241086483002,
                0.024248074740171432,
                0.10467610508203506,
                -0.0008074960205703974,
                0.08575732260942459,
                -0.02146153897047043,
                -0.15286991000175476,
                0.1597059816122055,
                -0.03702996298670769,
                0.17089912295341492,
                0.05708210542798042,
                0.04170866310596466,
                -0.14259952306747437,
                -0.06886909157037735,
                -0.07786045968532562,
                0.054207928478717804,
                0.027759263291954994,
                -0.1377132385969162,
                0.03965182602405548,
                -0.13828301429748535,
                0.16478097438812256,
                -0.14239419996738434,
                0.08819461613893509,
                -0.02631957456469536,
                0.05539923906326294,
                -0.1461716741323471,
                0.04124283045530319,
                0.04321475327014923,
                0.13601139187812805,
                0.030339999124407768,
                -0.06687198579311371,
                -0.01195595134049654,
                0.16447050869464874,
                0.10437329858541489,
                0.018244123086333275,
                0.16130109131336212,
                0.060825180262327194,
                -0.0359974130988121,
                0.13181327283382416,
                0.0546719990670681,
                -0.016617177054286003,
                0.0487440824508667,
                -0.007928666658699512,
                0.037255141884088516,
                -0.043879371136426926,
                -0.08423182368278503,
                0.001104823313653469,
                0.041056133806705475,
                -0.24082954227924347,
                -0.10648917406797409,
                0.006484208162873983,
                0.04690805450081825,
                -0.012679466046392918,
                -0.18695643544197083,
                0.04841362684965134,
                -0.06292255967855453,
                -0.1331583857536316,
                0.20006628334522247,
                0.10812539607286453,
                -0.07924909889698029,
                0.0655052438378334,
                -0.09683757275342941,
                -0.06515712291002274,
                -0.1416410654783249,
                0.0633888840675354,
                0.036374591290950775,
                0.10108579695224762,
                0.10517936944961548,
                -0.007328554056584835,
                0.011425431817770004,
                -0.0065276590175926685,
                0.028295475989580154,
                0.06636879593133926,
                -4.074134994880296e-05,
                0.057009655982255936,
                0.055920474231243134,
                -0.13225741684436798,
                -0.12935970723628998,
                0.09181400388479233,
                0.05682135373353958
            ],
            "id": 0,
            "name": "Registered user_1"
        }
    ],
    "version": 1
}
