{
  "count": 1,
  "dim": 128,
  "items": [
    {
      "embedding": [
        -0.11797338724136353,
        0.004788252059370279,
        0.040708765387535095,
        -0.1384948492050171,
        0.060262005776166916,
        -0.05227815359830856,
        0.04534720256924629,
        -0.1764519065618515,
        -0.04595364257693291,
        0.06636029481887817,
        0.13221707940101624,
        -0.11955904960632324,
        -0.03916843235492706,
        0.04134258255362511,
        -0.03129062429070473,
        -0.041457995772361755,
        -0.0358315147459507,
        0.04096871614456177,
        -0.06356501579284668,
        -0.07815133035182953,
        0.009213529527187347,
        0.0032607424072921276,
        -0.027659140527248383,
        -0.0547398142516613,
        -0.015347526408731937,
        0.0915302038192749,
        -0.017364241182804108,
        0.09162965416908264,
        0.0007594489143230021,
        -0.05285953730344772,
        -0.013951938599348068,
        -0.19634383916854858,
        0.0755789652466774,
        -0.016785308718681335,
        0.053424350917339325,
        0.13820049166679382,
        0.18987201154232025,
        -0.004124701954424381,
        -0.005968536715954542,
        -0.13598336279392242,
        -0.0945221483707428,
        -0.12823624908924103,
        0.02464793249964714,
        0.014037232846021652,
        0.07356109470129013,
        0.1490163505077362,
        0.06918547302484512,
        -0.08747051656246185,
        -0.04594790190458298,
        0.0580657422542572,
        0.16765572130680084,
        -0.08378616720438004,
        0.09784116595983505,
        0.021429816260933876,
        -0.028321895748376846,
        0.13463957607746124,
        0.02358890138566494,
        0.07445714622735977,
        -0.0065032667480409145,
        0.029018525034189224,
        -0.16412214934825897,
        -0.02178690768778324,
        -0.14878006279468536,
        0.06001259386539459,
        0.06539123505353928,
        -0.26397791504859924,
        -0.004974710755050182,
        -0.12273415178060532,
        0.08168613165616989,
        0.01840769313275814,
        0.16520042717456818,
        0.07340770959854126,
        0.07365548610687256,
        -0.0678885355591774,
        0.06442087143659592,
        0.06732609868049622,
        0.02500315010547638,
        0.026247689500451088,
        -0.0788329690694809,
        -0.10131482034921646,
        0.11333679407835007,
        -0.008114948868751526,
        0.03536345437169075,
        0.20036374032497406,
        0.018973637372255325,
        0.03695578873157501,
        -0.01626216061413288,
        -0.0052176290191709995,
        0.016322048380970955,
        0.046736642718315125,
        -0.032889947295188904,
        -0.0037562837824225426,
        -0.012513219378888607,
        -0.05286470055580139,
        0.023364676162600517,
        0.029011206701397896,
        -0.1408444344997406,
        -0.012069575488567352,
        -0.10940670967102051,
        0.06094761937856674,
        0.07877115905284882,
        -0.11671991646289825,
        -0.03903120011091232,
        -0.13587449491024017,
        -0.08880464732646942,
        0.17730656266212463,
        0.10456237196922302,
        0.02878987230360508,
        0.08561836928129196,
        -0.09824133664369583,
        -0.010287138633430004,
        -0.16609802842140198,
        0.0630740150809288,
        -0.07162824273109436,
        0.08600924164056778,
        0.12161079049110413,
        -0.10484867542982101,
        -0.03567611426115036,
        -0.1302957534790039,
        0.029228804633021355,
        0.0421748049557209,
        -0.019050724804401398,
        0.03783746063709259,
        0.06036150082945824,
        -0.11960379779338837,
        -0.13744772970676422,
        0.15398813784122467,
        0.030067138373851776
      ],
      "id": 0,
      "name": "yw"
    }
  ],
  "version": 1
}