{
    "count": 1,
    "dim": 128,
    "items": [
        {
            "embedding": [
                -0.11268965899944305,
                0.04947076365351677,
                0.01491949800401926,
                -0.13546088337898254,
                0.059849683195352554,
                -0.05537514388561249,
                0.014783131889998913,
                -0.13938434422016144,
                -0.003614412620663643,
                0.021341031417250633,
                0.13967867195606232,
                -0.21903279423713684,
                -0.07191294431686401,
                0.03495258837938309,
                -0.03775610774755478,
                -0.06523924320936203,
                -0.021160056814551353,
                0.06454500555992126,
                -0.011122765950858593,
                -0.05684182420372963,
                -0.041719529777765274,
                0.024434512481093407,
                -0.00853070616722107,
                -0.06925678998231888,
                -0.051284775137901306,
                0.03590623289346695,
                -0.03022383153438568,
                0.11693143099546432,
                0.0006548007950186729,
                -0.05466918274760246,
                0.005907045211642981,
                -0.19188475608825684,
                0.07630213350057602,
                -0.004267653916031122,
                0.03986550495028496,
                0.12741690874099731,
                0.22373351454734802,
                0.05493028461933136,
                -0.08313208073377609,
                -0.14155103266239166,
                -0.09177341312170029,
                -0.11167141795158386,
                -0.0067217000760138035,
                0.018563657999038696,
                0.03821076452732086,
                0.15406915545463562,
                0.013260720297694206,
                -0.08119102567434311,
                -0.01872091554105282,
                0.007235534489154816,
                0.1460498869419098,
                -0.06182010844349861,
                0.13499288260936737,
                0.02237919345498085,
                -0.09554173797369003,
                0.1404830515384674,
                0.049551449716091156,
                0.1269197016954422,
                0.023233547806739807,
                0.08872590214014053,
                -0.17063143849372864,
                0.007035416550934315,
                -0.12464114278554916,
                0.09026084840297699,
                0.08181750029325485,
                -0.23427872359752655,
                0.03156720846891403,
                -0.08406384289264679,
                0.14228637516498566,
                -0.009093357250094414,
                0.14356446266174316,
                0.006011142861098051,
                0.02650810033082962,
                -0.08051955699920654,
                0.06520898640155792,
                0.04303240776062012,
                0.04518354311585426,
                0.014352711848914623,
                -0.05632225424051285,
                -0.08843659609556198,
                0.12977349758148193,
                0.004523309879004955,
                -0.009319121949374676,
                0.1865319311618805,
                0.048563744872808456,
                0.04820569232106209,
                0.034035272896289825,
                -0.0031600333750247955,
                0.006767513696104288,
                0.056634124368429184,
                -0.04121490940451622,
                0.014045845717191696,
                3.828366970992647e-05,
                -0.08993076533079147,
                0.04377354308962822,
                -0.012817446142435074,
                -0.15799777209758759,
                -0.04417795687913895,
                -0.07685230672359467,
                0.07530036568641663,
                0.06567076593637466,
                -0.09009970724582672,
                0.015141429379582405,
                -0.12557439506053925,
                -0.11868356913328171,
                0.15646347403526306,
                0.09173142164945602,
                -0.017640110105276108,
                0.07055217772722244,
                -0.08685457706451416,
                -0.026133202016353607,
                -0.14714007079601288,
                0.09911442548036575,
                -0.03863037750124931,
                0.056205153465270996,
                0.10723992437124252,
                -0.07741356641054153,
                -0.05090979114174843,
                -0.08013848960399628,
                0.023689430207014084,
                0.043674614280462265,
                -0.049755629152059555,
                0.019801313057541847,
                0.03469650447368622,
                -0.14534541964530945,
                -0.16295240819454193,
                0.1487613022327423,
                0.008630488067865372
            ],
            "id": 0,
            "name": "RR"
        }
    ],
    "version": 1
}
