{
    "count": 1,
    "dim": 128,
    "items": [
        {
            "embedding": [
                -0.037185654044151306,
                0.12729129195213318,
                0.012376053258776665,
                -0.08094095438718796,
                0.05597919225692749,
                -0.06465945392847061,
                -0.016061194241046906,
                -0.18887490034103394,
                -0.012414640747010708,
                0.03964395448565483,
                0.09550266712903976,
                -0.19285151362419128,
                -0.08480972796678543,
                0.007743786554783583,
                0.010227113030850887,
                -0.07654625922441483,
                -0.017471015453338623,
                0.06702861934900284,
                -0.03728782758116722,
                0.022846879437565804,
                -0.030374659225344658,
                0.049365658313035965,
                -0.013847027905285358,
                -0.0314176008105278,
                -0.035507988184690475,
                -0.04200412705540657,
                -0.08139564841985703,
                0.07434273511171341,
                0.04013809561729431,
                -0.07972972095012665,
                -0.05588298290967941,
                -0.1333368867635727,
                0.07853097468614578,
                -0.07068908959627151,
                -0.025486575439572334,
                0.1264200657606125,
                0.132659912109375,
                0.0668768584728241,
                -0.039735712110996246,
                -0.07538890093564987,
                -0.0897597000002861,
                -0.02166399173438549,
                0.007980599999427795,
                -0.01722174882888794,
                0.06601224839687347,
                0.15957900881767273,
                0.02040814980864525,
                -0.09196590632200241,
                0.010428628884255886,
                0.057325348258018494,
                0.12596911191940308,
                -0.004261041060090065,
                0.06408985704183578,
                -0.009534304030239582,
                -0.12361062318086624,
                0.1140316054224968,
                -0.0563003234565258,
                0.1721247285604477,
                0.04040924087166786,
                0.06077978014945984,
                -0.17235912382602692,
                -0.05487465485930443,
                -0.022116769105196,
                0.0223261546343565,
                0.048241324722766876,
                -0.15116457641124725,
                0.03344642370939255,
                -0.15988683700561523,
                0.15623757243156433,
                -0.12195396423339844,
                0.13176167011260986,
                -0.0128040025010705,
                0.05655396357178688,
                -0.14991286396980286,
                0.053326886147260666,
                0.02167070284485817,
                0.10432203114032745,
                0.008936084806919098,
                -0.09731277823448181,
                0.04455236345529556,
                0.17525123059749603,
                0.12364219129085541,
                0.07170908153057098,
                0.13732224702835083,
                0.057614702731370926,
                -0.04395752772688866,
                0.10366185009479523,
                0.08372587710618973,
                -0.0369674414396286,
                0.021617712453007698,
                -0.017041299492120743,
                0.04146048426628113,
                -0.06136760488152504,
                -0.09066139906644821,
                -0.029004493728280067,
                0.027418028563261032,
                -0.2299262136220932,
                -0.06219155341386795,
                -0.011507688090205193,
                0.03348652645945549,
                -0.017621004953980446,
                -0.16903427243232727,
                -0.0004343237669672817,
                -0.07951457053422928,
                -0.0795169323682785,
                0.23118029534816742,
                0.1332450658082962,
                -0.07449743151664734,
                0.099345363676548,
                -0.11882822215557098,
                -0.06431052833795547,
                -0.14813005924224854,
                0.0585506297647953,
                0.018563993275165558,
                0.11244633793830872,
                0.06862831860780716,
                -0.010266155004501343,
                0.04379558190703392,
                -0.029824623838067055,
                0.025737443938851357,
                0.054159265011548996,
                -0.012020655907690525,
                0.0543585829436779,
                0.06393007189035416,
                -0.15541183948516846,
                -0.13505029678344727,
                0.07882187515497208,
                0.08571604639291763
            ],
            "id": 0,
            "name": "Registered user_1"
        }
    ],
    "version": 1
}
