{
  "count": 1,
  "dim": 128,
  "items": [
    {
      "embedding": [
        -0.0005498564569279552,
        0.10537171363830566,
        -0.026605011895298958,
        0.04061831533908844,
        0.008336695842444897,
        -0.021693896502256393,
        -0.16821476817131042,
        -0.07051301747560501,
        0.00020427489653229713,
        -0.009417823515832424,
        0.07447488605976105,
        -0.16016550362110138,
        -0.08359020948410034,
        -0.0516742505133152,
        0.07757213711738586,
        -0.07822050154209137,
        0.07565203309059143,
        0.0012736724456772208,
        0.04495441913604736,
        0.023740485310554504,
        -0.08528130501508713,
        0.1418987512588501,
        -0.05245254933834076,
        -0.03444315865635872,
        0.05054543539881706,
        -0.03329414129257202,
        -0.04722534492611885,
        0.08636977523565292,
        0.005589324980974197,
        -0.07776521891355515,
        -0.06984558701515198,
        -0.033249810338020325,
        -0.08181935548782349,
        -0.16102881729602814,
        -0.04585541784763336,
        0.1038566529750824,
        0.09389050304889679,
        0.08093738555908203,
        -0.036567218601703644,
        0.0346514955163002,
        -0.1294647753238678,
        -0.1300148218870163,
        0.0010183565318584442,
        -0.1172814816236496,
        -0.02323477528989315,
        0.2014702707529068,
        -0.047121383249759674,
        -0.052543945610523224,
        -0.011019425466656685,
        0.02446141093969345,
        0.10760262608528137,
        0.09865859895944595,
        0.08658522367477417,
        0.01850307174026966,
        -0.0921081155538559,
        0.013479949906468391,
        -0.07854223251342773,
        0.26693785190582275,
        0.11473967134952545,
        0.1445644348859787,
        -0.07251495867967606,
        0.0018157445592805743,
        0.07800625264644623,
        0.09679459035396576,
        0.0459689125418663,
        -0.005288559943437576,
        0.02468378096818924,
        -0.04084760695695877,
        0.15393240749835968,
        -0.14412449300289154,
        0.11135756969451904,
        -0.008202072232961655,
        0.003773008706048131,
        -0.21235013008117676,
        0.07699160277843475,
        0.03378897160291672,
        0.12687936425209045,
        0.027571644634008408,
        -0.01910150609910488,
        0.17522655427455902,
        0.0877768024802208,
        0.08290690928697586,
        0.05050785467028618,
        0.03592543303966522,
        0.06081989035010338,
        0.052632927894592285,
        0.12205106019973755,
        0.07233009487390518,
        0.1077236458659172,
        -0.04274417832493782,
        -0.01089942455291748,
        -0.028251979500055313,
        0.08556562662124634,
        0.05645456165075302,
        -0.010670885443687439,
        -0.04065638780593872,
        -0.20690327882766724,
        -0.04405926913022995,
        0.07468297332525253,
        -0.02340259961783886,
        0.03455327823758125,
        -0.13389548659324646,
        0.03866066038608551,
        -0.08339127153158188,
        0.04062404856085777,
        0.12413311749696732,
        0.06300130486488342,
        -0.07185465097427368,
        0.11333729326725006,
        -0.09698968380689621,
        -0.03705825284123421,
        -0.20580844581127167,
        0.11285421997308731,
        0.020961755886673927,
        0.02423388510942459,
        0.2284722477197647,
        0.019141938537359238,
        0.06027836725115776,
        0.011340854689478874,
        0.019292427226901054,
        0.06680436432361603,
        -0.09431516379117966,
        0.08331356197595596,
        -0.028819331899285316,
        -0.05806158483028412,
        -0.05788387730717659,
        0.06306817382574081,
        -0.029573995620012283
      ],
      "id": 0,
      "name": "bada"
    }
  ],
  "version": 1
}