{
    "count": 1,
    "dim": 128,
    "items": [
        {
            "embedding": [
                0.003645248245447874,
                0.13315793871879578,
                -0.021104035899043083,
                0.039167165756225586,
                -0.004043606109917164,
                -0.04505452886223793,
                -0.15051931142807007,
                -0.07825201749801636,
                0.020306779071688652,
                -0.012134899385273457,
                0.03216750547289848,
                -0.17032110691070557,
                -0.11434523016214371,
                -0.05812104418873787,
                0.048675552010536194,
                -0.05875401943922043,
                0.0963805764913559,
                0.026058053597807884,
                0.0021967063657939434,
                0.028365280479192734,
                -0.07589589059352875,
                0.11522499471902847,
                -0.05938045680522919,
                0.006138697732239962,
                0.005838723387569189,
                -0.08425436913967133,
                -0.03165558725595474,
                0.08597595244646072,
                0.028853842988610268,
                -0.04768919199705124,
                -0.11251717060804367,
                -0.02702089585363865,
                -0.08509193360805511,
                -0.17285305261611938,
                -0.07842365652322769,
                0.0682779923081398,
                0.10935402661561966,
                0.07590599358081818,
                -0.022600296884775162,
                0.03162900358438492,
                -0.13548773527145386,
                -0.07781599462032318,
                -0.006690950132906437,
                -0.09804480522871017,
                -0.025612277910113335,
                0.2068060040473938,
                -0.033211227506399155,
                -0.072952039539814,
                -0.0015403132420033216,
                0.01614622212946415,
                0.11741296201944351,
                0.09796211123466492,
                0.09702849388122559,
                0.0013862232444807887,
                -0.07083168625831604,
                0.023015806451439857,
                -0.08484776318073273,
                0.28602877259254456,
                0.10777106881141663,
                0.12043217569589615,
                -0.08577325195074081,
                -0.006061931606382132,
                0.08886983245611191,
                0.10206002742052078,
                0.044504642486572266,
                0.0020602482836693525,
                0.023074857890605927,
                -0.09529290348291397,
                0.14301033318042755,
                -0.15235799551010132,
                0.08941186964511871,
                -0.005118130706250668,
                -0.008758998475968838,
                -0.22899097204208374,
                0.059124965220689774,
                0.05644078180193901,
                0.13785767555236816,
                0.04424305632710457,
                -0.03322172909975052,
                0.17169219255447388,
                0.14667761325836182,
                0.11266474425792694,
                0.06603719294071198,
                0.06192693114280701,
                0.022353054955601692,
                0.0050670369528234005,
                0.11599334329366684,
                0.10110586881637573,
                0.07570634037256241,
                -0.055147796869277954,
                -0.004527064971625805,
                -0.026500293985009193,
                0.04741252213716507,
                -0.01936449483036995,
                -0.05070819333195686,
                -0.03757236525416374,
                -0.2071419507265091,
                -0.05433981120586395,
                0.08212040364742279,
                -0.004794480744749308,
                0.03568783402442932,
                -0.1560002714395523,
                0.04531305655837059,
                -0.06586885452270508,
                0.003698740852996707,
                0.12304200232028961,
                0.08583255112171173,
                -0.06768377125263214,
                0.0946367159485817,
                -0.07593188434839249,
                -0.031450994312763214,
                -0.1526356339454651,
                0.16288034617900848,
                -0.0038113247137516737,
                0.03857606649398804,
                0.18754571676254272,
                0.03357473760843277,
                0.0694194883108139,
                0.0020522347185760736,
                0.026030592620372772,
                0.023478712886571884,
                -0.11149578541517258,
                0.05071663483977318,
                -0.020723244175314903,
                -0.07955697178840637,
                -0.011288279667496681,
                0.02298276126384735,
                -0.0192337054759264
            ],
            "id": 0,
            "name": "Registered user_1"
        }
    ],
    "version": 1
}
